n_obs,r_squared,adj_r_squared,sigma,aic,bic
1059,0.561846203481287,0.5364332832832016,0.4956564237566007,1578.039065352597,1875.9438860886812
